{"title":"Key Takeaways and Narratives","markdown":{"headingText":"Key Takeaways and Narratives","containsRefs":false,"markdown":"\n## 1. Access ≠ Availability\n\n-   Visual: scatter or map showing mismatch\n-   Insight: infrastructure alone isn’t enough\n\n## 2. Income, Education, and Access\n\n-   Visual: scatter/boxplots\n-   Insight: systemic factors drive usage\n\n## 3. Race and Broadband Inequity (if added)\n\n-   Visual: broadband access by race-majority counties\n-   Insight: racial gaps persist even when controlling for income\n\n## 4. Rural-Urban Divide\n\n-   Visual: comparison of connection tiers or access\n-   Insight: rural communities lag far behind\n\n## 5. Recommendations / Policy\n\n-   Bullet points drawn from your findings\n\n## 1. Availability vs. Access Mismatch\n\nWhile broadband infrastructure may be present in many counties, its existence does not guarantee actual adoption by residents. This disconnect highlights systemic barriers—such as affordability, digital literacy, or trust—that prevent households from accessing available services.\n\n### The Data Story\n\nThis section compares two critical metrics:\\\n- **Fixed broadband availability** (measured by FCC Form 477 tiered connection speeds).\\\n- **Household broadband adoption** (sourced from the American Community Survey).\n\nThe accompanying **Broadband Adoption Across U.S. States** map visually underscores this mismatch. The color-coded ranges reveal stark disparities: while some states achieve adoption rates above 90%, others languish below 60%, despite widespread infrastructure availability.\n\n::: {style=\"width: 75%; margin: 0 auto;\"}\n<img src=\"assets/insights/broadband_adoption_map.png\" alt=\"Broadband Adoption Map\" style=\"width: 100%; height: auto;\"/>\n:::\n\n*Figure 1: State-level broadband adoption rates show significant variation, with clusters of low adoption (\\<50%) persisting even in well-connected regions.*\n\n### Key Insight: The Adoption Gap\n\n-   **Notable states** with high infrastructure coverage (e.g., over 700 connections per 1,000 housing units) still report adoption rates below 60%.\\\n-   This gap signals that **non-technical barriers**—like cost, lack of digital skills, or low awareness—are likely suppressing subscription rates, even where service is technically available.\n\n## 2. Income, Education, and Access\n\nWhile broadband access is critical for social and economic mobility, the rate of adoption is influenced by systemic factors such as income and education. Higher-income households and regions with more educated populations are often better equipped to afford and utilize broadband services. This section explores the connection between **median household income**, **education attainment**, and **broadband access rates**.\n\n### The Data Story\n\nThis section examines the relationship between the following key metrics:\\\n- **Median household income** (from the U.S. Census Bureau). - **Educational attainment** (percentage of population with high school or bachelor's degree). - **Broadband access rate** (percentage of households with broadband access).\n\nThe accompanying boxplots highlight the distribution of **broadband access rates** across different education and income brackets. These visualizations underscore how **education** and **income** influence broadband access, showing that higher education and income levels correlate with better broadband access.\n\n::: {style=\"margin: 0 auto;\"}\n<img src=\"assets/insights/income_vs_broadband_access_rate.png\" alt=\"Income vs Broadband Access Rate\" style=\"width: 100%; height: auto;\"/>\n:::\n\n*Figure 2: A boxplot illustrating the relationship between household income brackets and broadband access rate. Higher income regions tend to have slightly better broadband access.*\n\n::: {style=\"margin: 0 auto;\"}\n<img src=\"assets/insights/education_vs_broadband_speeds.png\" alt=\"Education vs Broadband Access Rate\" style=\"width: 100%; height: auto;\"/>\n:::\n\n*Figure 3: A boxplot showing the distribution of broadband access rate based on the percentage of the population with at least a high school diploma. Educational attainment is positively correlated with broadband access.*\n\n### Visualization: Broadband Access Rates by Household Income and Education Brackets\n\nThe plots below highlight broadband access rates across two key variables: **education** (percentage of population with a high school diploma or higher) and **income** (divided into 0-50% and 50-100% brackets). As seen, education and income are both correlated with broadband access, where regions with higher levels of education and income tend to have better broadband penetration.\n\n### Key Insight: Systemic Factors Drive Usage\n\n-   **Income disparities** show some influence on broadband access: higher-income counties generally have higher access rates.\n-   **Educational attainment** plays a critical role: counties with higher percentages of high school or bachelor's degree completions tend to have better broadband access.\n-   These findings suggest that **systemic barriers**, such as affordability and digital literacy, continue to affect broadband adoption, even where infrastructure is available.\n\n## 3. Race and Broadband Inequity: Quantifying the Digital Divide\n\nBroadband access has become essential for education, healthcare, and economic opportunity, yet **persistent racial disparities** create systemic disadvantages. Our analysis reveals that even after accounting for income and education levels, **counties with higher minority populations consistently show lower broadband adoption rates**, perpetuating cycles of inequality.\n\n### Key Findings from the Data\n\n**Boxplot Analysis of Racial Quartiles (Q1-Q4):**\\\n- **Q1**: Areas with lowest racial group representation (0-25%)\\\n- **Q4**: Areas with highest racial group representation (75-100%)\n\n::: {style=\"width: 20%; margin: 0 auto;\"}\n<img src=\"assets/insights/broadband_access_by_race_quartiles.png\" alt=\"Broadband Access by Racial Quartiles\" style=\"width: %;100 height: auto; border: 1px solid #eee; margin: 20px 0;\"/>\n:::\n\n### Noticeable Disparities Emerge\n\n| Racial Group         | Q1 Access Rate | Q4 Access Rate | Gap  |\n|----------------------|----------------|----------------|------|\n| Black Communities    | 83%            | 81%            | -2%  |\n| Hispanic Communities | 80%            | 83%            | +3%  |\n| White Communities    | 82%            | 85%            | +3%  |\n| Asian Communities    | 80%            | 90%            | +10% |\n\n### The Structural Inequity\n\n1.  **Infrastructure Desert Effect**\n    -   Majority-Black counties show **5-6% fewer broadband providers** than White-majority counties with comparable population density\n2.  **Affordability Crisis**\n    -   Certain Black & Hispanic-majority areas pay up to **7-10% more** for equivalent broadband speeds\n\n> \"The broadband gap isn't just about wires and signals—it's about decades of systemic neglect in community infrastructure.\"\\\n> *— National Digital Inclusion Alliance*\n\n### Methodology Notes\n\n-   Outliers removed using Tukey's 1.5×IQR method\\\n-   Quartile analysis based on ACS 2022 demographic data","srcMarkdownNoYaml":""},"formats":{"html":{"identifier":{"display-name":"HTML","target-format":"html","base-format":"html"},"execute":{"fig-width":7,"fig-height":5,"fig-format":"retina","fig-dpi":96,"df-print":"default","error":false,"eval":true,"cache":null,"freeze":false,"echo":true,"output":true,"warning":true,"include":true,"keep-md":false,"keep-ipynb":false,"ipynb":null,"enabled":null,"daemon":null,"daemon-restart":false,"debug":false,"ipynb-filters":[],"ipynb-shell-interactivity":null,"plotly-connected":true,"engine":"markdown"},"render":{"keep-tex":false,"keep-typ":false,"keep-source":false,"keep-hidden":false,"prefer-html":false,"output-divs":true,"output-ext":"html","fig-align":"default","fig-pos":null,"fig-env":null,"code-fold":"none","code-overflow":"scroll","code-link":false,"code-line-numbers":false,"code-tools":false,"tbl-colwidths":"auto","merge-includes":true,"inline-includes":false,"preserve-yaml":false,"latex-auto-mk":true,"latex-auto-install":true,"latex-clean":true,"latex-min-runs":1,"latex-max-runs":10,"latex-makeindex":"makeindex","latex-makeindex-opts":[],"latex-tlmgr-opts":[],"latex-input-paths":[],"latex-output-dir":null,"link-external-icon":false,"link-external-newwindow":false,"self-contained-math":false,"format-resources":[],"notebook-links":true},"pandoc":{"standalone":true,"wrap":"none","default-image-extension":"png","to":"html","output-file":"insights.html"},"language":{"toc-title-document":"Table of contents","toc-title-website":"On this page","related-formats-title":"Other Formats","related-notebooks-title":"Notebooks","source-notebooks-prefix":"Source","other-links-title":"Other Links","code-links-title":"Code Links","launch-dev-container-title":"Launch Dev Container","launch-binder-title":"Launch Binder","article-notebook-label":"Article Notebook","notebook-preview-download":"Download Notebook","notebook-preview-download-src":"Download Source","notebook-preview-back":"Back to Article","manuscript-meca-bundle":"MECA Bundle","section-title-abstract":"Abstract","section-title-appendices":"Appendices","section-title-footnotes":"Footnotes","section-title-references":"References","section-title-reuse":"Reuse","section-title-copyright":"Copyright","section-title-citation":"Citation","appendix-attribution-cite-as":"For attribution, please cite this work as:","appendix-attribution-bibtex":"BibTeX citation:","appendix-view-license":"View License","title-block-author-single":"Author","title-block-author-plural":"Authors","title-block-affiliation-single":"Affiliation","title-block-affiliation-plural":"Affiliations","title-block-published":"Published","title-block-modified":"Modified","title-block-keywords":"Keywords","callout-tip-title":"Tip","callout-note-title":"Note","callout-warning-title":"Warning","callout-important-title":"Important","callout-caution-title":"Caution","code-summary":"Code","code-tools-menu-caption":"Code","code-tools-show-all-code":"Show All Code","code-tools-hide-all-code":"Hide All Code","code-tools-view-source":"View Source","code-tools-source-code":"Source Code","tools-share":"Share","tools-download":"Download","code-line":"Line","code-lines":"Lines","copy-button-tooltip":"Copy to Clipboard","copy-button-tooltip-success":"Copied!","repo-action-links-edit":"Edit this page","repo-action-links-source":"View source","repo-action-links-issue":"Report an issue","back-to-top":"Back to top","search-no-results-text":"No results","search-matching-documents-text":"matching documents","search-copy-link-title":"Copy link to search","search-hide-matches-text":"Hide additional matches","search-more-match-text":"more match in this document","search-more-matches-text":"more matches in this document","search-clear-button-title":"Clear","search-text-placeholder":"","search-detached-cancel-button-title":"Cancel","search-submit-button-title":"Submit","search-label":"Search","toggle-section":"Toggle section","toggle-sidebar":"Toggle sidebar navigation","toggle-dark-mode":"Toggle dark mode","toggle-reader-mode":"Toggle reader mode","toggle-navigation":"Toggle navigation","crossref-fig-title":"Figure","crossref-tbl-title":"Table","crossref-lst-title":"Listing","crossref-thm-title":"Theorem","crossref-lem-title":"Lemma","crossref-cor-title":"Corollary","crossref-prp-title":"Proposition","crossref-cnj-title":"Conjecture","crossref-def-title":"Definition","crossref-exm-title":"Example","crossref-exr-title":"Exercise","crossref-ch-prefix":"Chapter","crossref-apx-prefix":"Appendix","crossref-sec-prefix":"Section","crossref-eq-prefix":"Equation","crossref-lof-title":"List of Figures","crossref-lot-title":"List of Tables","crossref-lol-title":"List of Listings","environment-proof-title":"Proof","environment-remark-title":"Remark","environment-solution-title":"Solution","listing-page-order-by":"Order By","listing-page-order-by-default":"Default","listing-page-order-by-date-asc":"Oldest","listing-page-order-by-date-desc":"Newest","listing-page-order-by-number-desc":"High to Low","listing-page-order-by-number-asc":"Low to High","listing-page-field-date":"Date","listing-page-field-title":"Title","listing-page-field-description":"Description","listing-page-field-author":"Author","listing-page-field-filename":"File Name","listing-page-field-filemodified":"Modified","listing-page-field-subtitle":"Subtitle","listing-page-field-readingtime":"Reading Time","listing-page-field-wordcount":"Word Count","listing-page-field-categories":"Categories","listing-page-minutes-compact":"{0} min","listing-page-category-all":"All","listing-page-no-matches":"No matching items","listing-page-words":"{0} words","listing-page-filter":"Filter","draft":"Draft"},"metadata":{"lang":"en","fig-responsive":true,"quarto-version":"1.5.57"},"extensions":{"book":{"multiFile":true}}}},"projectFormats":["html"]}